sample_name,sample_type,patient_id,DOB,gender,race,smokingHx,histolgy,driver_gene,driver_mutation,secondary_mutation,Notes,stage at dx,pathlogy_review,biopsy_date,biopsy_type,biopsy_site,biopsy_timing,treatment_status,treatment_navie,treatment_type,treatment (prior/on biopsy) if tx naive then treatment started,infections,pfs,date_of_death,sort_date
LT_S15,Lung_tumor,TH041,1940-05-11,Female,White or Caucasian,<5py,Adenocarcinoma,ALK,fusion,NA,NA,IV,positive,2017-06-05,Resection,Ovary,Unknown,PD,prior TKI/ chemo,TKI,alectinib ,none,316,2/23/18,2017-06-05
LT_S30,Lung_tumor,TH041,1940-05-11,Female,White or Caucasian,<5py,Adenocarcinoma,ALK,fusion,NA,Formal path negative,IV,negative,2017-09-28,Thoracentesis,Pleura,Unknown,PD,prior TKI/ chemo,chemo,carbo/ abraxane,none,46,2/23/18,2017-09-28
LT_S09,Lung_tumor,TH067,1949-09-29,Female,White or Caucasian,Never,Mixed: Lung adeno/Breast,EGFR,del19,NA,NA,IV,positive,2017-03-02,Core,Liver,Unknown,PD,prior TKI/ chemo/IO,Immunotherapy,nivolumab,Unknown,Unknown,Unknown,2017-03-02
LT_S53,Lung_tumor,TH067,1949-09-29,Female,White or Caucasian,Never,Adenocarcinoma,EGFR,del19,NA,NA,IV,Unknown,2018-02-15,Core,Liver,Unknown,PD,Unknown,TKI,erlotinib with gemcitabine,Unknown,Unknown,Unknown,2018-02-15
LT_S60,Lung_tumor,TH067,1949-09-29,Female,White or Caucasian,Never,Adenocarcinoma,EGFR,del19,NA,NA,IV,Unknown,2018-04-02,Resection,Liver,Unknown,Unknown,Unknown,TKI,Osimertinib,Unknown,Unknown,Unknown,2018-04-02
LT_S61,Lung_tumor,TH067,1949-09-29,Female,White or Caucasian,Never,Adenocarcinoma,EGFR,del19,NA,NA,IV,Unknown,2018-04-02,Resection,Bone,Unknown,Unknown,Unknown,TKI,Osimertinib,Unknown,Unknown,Unknown,2018-04-02
LT_S10,Lung_tumor,TH082,1946-05-18,Female,Other,<5py,Adenocarcinoma,EGFR,L858R,NA,NA,IV,Unknown,2017-03-11,Bronchoscopy,Lung,Unknown,PD,Unknown,Unknown,Unknown,Unknown,Unknown,Unknown,2017-03-10
LT_S59,Lung_tumor,TH100,1964-07-30,Female,White or Caucasian,20+py,Adenocarcinoma,KRAS,G12C,NA,NA,IV,Unknown,2018-03-23,Core,Lung,Unknown,SD,Unknown,Immunotherapy,nivolumab+sitravatinib,Unknown,Unknown,Unknown,2018-03-23
LT_S05,Lung_tumor,TH103,1971-07-27,Female,White or Caucasian,Never,Adenocarcinoma,ALK,fusion,NA,NA,IV,Unknown,2017-02-01,Thoracentesis,Pleura,Unknown,PD,Unknown,TKI,lorlatinib,Unknown,Unknown,Unknown,2017-02-01
LT_S07,Lung_tumor,TH103,1971-07-27,Female,White or Caucasian,Never,Adenocarcinoma,ALK,fusion,NA,NA,IV,Unknown,2017-02-22,Thoracentesis,Pleura,Unknown,PD,Unknown,TKI,lorlatinib,Unknown,Unknown,Unknown,2017-02-22
LT_S08,Lung_tumor,TH103,1971-07-27,Female,White or Caucasian,Never,Adenocarcinoma,ALK,fusion,NA,NA,IV,Unknown,2017-02-28,Thoracentesis,Pleura,Unknown,Unknown,Unknown,TKI,trametinib,Unknown,Unknown,Unknown,2017-02-28
LT_S36,Lung_tumor,TH107,1962-01-12,Male,Black or African American,Former,Small cell,EGFR,del19,NA,"small cell; TP53, R156H+,MAPK24W310*,NFkB1A+",IV,Unknown,2017-12-04,Thoracentesis,Pleura,Unknown,PD,Unknown,TKI,osimertinib,Unknown,Unknown,Unknown,2017-12-04
LT_S37,Lung_tumor,TH107,1962-01-12,Male,Black or African American,Former,Small cell,EGFR,del19,NA,"small cell; TP53, R156H+,MAPK24W310*,NFkB1A+",IV,Unknown,2017-12-05,Core,Pleura,Unknown,PD,Unknown,TKI,osimertinib,Unknown,Unknown,Unknown,2017-12-05
LT_S68,Lung_tumor,TH107,1962-01-12,Male,Black or African American,Former,Small cell,EGFR,del19,NA,"small cell; TP53, R156H+,MAPK24W310*,NFkB1A+",IV,Unknown,2018-04-23,Organoid,Organoid,Unknown,Baseline,Unknown,NA,None,Unknown,Unknown,Unknown,2018-04-23
LT_S25,Lung_tumor,TH116,1951-12-15,Female,Asian,Never,Adenocarcinoma,EGFR,NA,T790M,NA,IV,Unknown,2017-08-17,Core,Liver,Unknown,PD,Unknown,TKI,osimertinib,Unknown,Unknown,Unknown,2017-08-17
LT_S77,Lung_tumor,TH124,1964-03-11,Female,White or Caucasian,Never,Adenocarcinoma,EGFR,del19,"EGFR E746-A750 del, CDKN2A p16INK4a loss, P14ARF exon 2-3 loss, EMSY Amp.","EGFR E746-A750 del, CDKN2A p16INK4a loss, P14ARF exon 2-3 loss, EMSY Amp.",IV,Unknown,2017-11-09,Thoracentesis,Pleura,Unknown,Unknown,Unknown,TKI,"Osimertinib + ABBV-399,",Unknown,Unknown,Unknown,2017-11-09
LT_S06,Lung_tumor,TH143,1931-10-09,Male,White or Caucasian,20+py,Adenocarcinoma,MET,Amplification,NA,NA,IV,Unknown,2017-02-10,Core,Lung,Unknown,Unknown,Unknown,TKI,Unknown,Unknown,Unknown,Unknown,2017-02-10
LT_S33,Lung_tumor,TH144,1949-04-14,Male,Asian,20+py,Adenocarcinoma,EGFR,L858R,T790M,MET+ --> I think is EGFR L858R,IV,Unknown,2017-11-13,Thoracentesis,Pleura,Unknown,PD,Unknown,TKI,osimertinib,Unknown,Unknown,Unknown,2017-11-13
LT_S16,Lung_tumor,TH146,1975-03-30,Female,Unk/declined,Never,Adenocarcinoma,ROS1,ROS1-CD74,NA,NA,IV,Unknown,2017-06-08,Core,LN,Unknown,PD,Unknown,TKI,crizotinib,Unknown,Unknown,Unknown,2017-06-08
LT_S19,Lung_tumor,TH150,1954-12-29,Female,Unk/declined,20+py,Adenocarcinoma,WT,NA,NA,NA,IV,Unknown,2017-06-16,Core,Lung,Unknown,PD,Unknown,Immunotherapy,durvalumab/tremelimumab,Unknown,Unknown,Unknown,2017-06-16
LT_S14,Lung_tumor,TH153,2016-08-02,Female,Unk/declined,NA,Adenocarcinoma,EGFR,del19,NA,NA,Unknown,Unknown,2017-06-05,Core,Liver,Unknown,PD,Unknown,TKI,osimertinib,Unknown,Unknown,Unknown,2017-06-05
LT_S48,Lung_tumor,TH155,1957-07-17,Female,Native Hawaiian or Other Pacific Island,Never,Adenocarcinoma,EGFR,del19,NA,NA,IV,Unknown,2018-02-05,Resection,Brain,Unknown,PD,Unknown,TKI,erlotinib,Unknown,Unknown,Unknown,2018-02-05
LT_S03,Lung_tumor,TH156,1973-03-17,Male,White or Caucasian,Former,Adenocarcinoma,ALK,fusion,NA,NA,IV,Unknown,2017-01-03,Thoracentesis,Pleura,Unknown,PD,Unknown,TKI,alectinib,Unknown,Unknown,Unknown,2017-01-05
LT_S02,Lung_tumor,TH157,2016-11-25,Male,Asian,Never,Adenocarcinoma,ALK,fusion,NA,NA,IV,Unknown,2016-11-17,Core,LN,Unknown,PR,Unknown,TKI,alectinib,Unknown,Unknown,Unknown,2016-11-17
LT_S01,Lung_tumor,TH158,1959-11-23,Female,Native Hawaiian or Other Pacific Island,Never,Adenocarcinoma,EGFR,del19,NA,NA,IV,Unknown,2016-10-12,Core,Lung,Unknown,PR,Unknown,TKI,erlotinib,Unknown,Unknown,Unknown,2016-10-12
LT_S22,Lung_tumor,TH158,1959-11-23,Female,Native Hawaiian or Other Pacific Island,Never,Adenocarcinoma,EGFR,del19,NA,NA,IV,Unknown,2017-07-25,Core,Lung,Unknown,PR,Unknown,TKI,osimertinib,Unknown,Unknown,Unknown,2017-07-25
LT_S42,Lung_tumor,TH158,1959-11-23,Female,Native Hawaiian or Other Pacific Island,Never,Adenocarcinoma,EGFR,del19,NA,NA,IV,Unknown,2018-01-11,Core,Lung,Unknown,PR,Unknown,TKI,osimertinib,Unknown,Unknown,Unknown,2018-01-11
LT_S04,Lung_tumor,TH166,1974-12-15,Male,Hispanic or Latino,<5py,Adenocarcinoma,BRAF,V600E,NA,Path negative,IV,negative,2017-01-13,Core,Liver,Unknown,PD,Unknown,TKI,dabrafenib/trametinib,Unknown,Unknown,Unknown,2017-01-13
LT_S11,Lung_tumor,TH169,1953-05-28,Female,Unk/declined,Never,Adenocarcinoma,EGFR,del19,NA,NA,IV,Unknown,2017-03-21,Core,Lung,Unknown,PR,Unknown,TKI,erlotinib,Unknown,Unknown,Unknown,2017-03-21
LT_S13,Lung_tumor,TH169,1953-05-28,Female,Unk/declined,Never,Adenocarcinoma,EGFR,del19,NA,NA,IV,Unknown,2017-05-26,Core,Lung,Unknown,PR,Unknown,TKI,erlotinib,Unknown,Unknown,Unknown,2017-05-26
LT_S18,Lung_tumor,TH171,1976-08-20,Female,Asian,Never,Squamous,ALK,fusion,NA,NA,IV,negative,2017-06-15,Core,LN,Unknown,PR,Unknown,TKI,alectinib,Unknown,Unknown,Unknown,2017-06-15
LT_S63,Lung_tumor,TH171,1976-08-20,Female,Asian,Never,Squamous,ALK,fusion,NA,NA,IV,Unknown,2018-04-06,Resection,LN,Unknown,PD,Unknown,TKI,Alectinib,Unknown,Unknown,Unknown,2018-04-06
LT_S12,Lung_tumor,TH172,1956-08-01,Male,White or Caucasian,20+py,Adenocarcinoma,BRAF,V600E,NA,NA,IV,Unknown,2017-05-10,Core,Lung,Unknown,PR,Unknown,TKI,dabrafenib/trametinib,Unknown,Unknown,Unknown,2017-05-10
LT_S17,Lung_tumor,TH174,2017-05-27,Female,Black or African American,Current,Adenocarcinoma,WT,NA,NA,NA,IV,positive,2017-06-12,Core,Lung,Unknown,Baseline,tx naive,Immunotherapy,pembrolizumab,none,Unknown,Unknown,2017-06-12
LT_S20,Lung_tumor,TH178,1934-02-13,Female,White or Caucasian,<5py,Adenocarcinoma,ROS1,fusion,NA,Path negative,IV,negative,2017-06-29,Core,LN,Unknown,PR,Unknown,TKI,crizotinib,Unknown,Unknown,Unknown,2017-06-29
LT_S58,Lung_tumor,TH179,1955-11-05,Male,White or Caucasian,Never,Adenocarcinoma,BRAF,V600E,NA,NA,IV,positive,2018-03-20,Core,Lung,Unknown,PR,on treatment,TKI,dabrafenib/trametinib,Unknown,Unknown,NA,2018-03-20
LT_S79,Lung_tumor,TH179,1955-11-05,Male,White or Caucasian,Never,Adenocarcinoma,BRAF,V600E,NA,NA,IV,positive,2018-07-30,Resection,Lung,Unknown,PD,on treatment,TKI,dabrafenib/trametinib,Unknown,Unknown,NA,2018-07-30
LT_S80,Lung_tumor,TH179,1955-11-05,Male,White or Caucasian,Never,Adenocarcinoma,BRAF,V600E,NA,NA,IV,positive,2018-07-30,Resection,LN,Unknown,PD,on treatment,TKI,dabrafenib/trametinib,Unknown,Unknown,NA,2018-07-30
LT_S78,Lung_tumor,TH179_Normal,1955-11-05,Male,White or Caucasian,Never,Adenocarcinoma,BRAF,V600E,NA,NA,IV,normal,2018-07-30,Resection,Lung,Unknown,NA,on treatment,TKI,dabrafenib/trametinib,Unknown,Unknown,NA,2018-07-30
LT_S29,Lung_tumor,TH183,1941-08-11,Female,White or Caucasian,Never,Adenocarcinoma,EGFR,del19,NA,NA,IIA,positive,2017-09-25,Resection,Lung,Unknown,PR,on treatment,TKI,erlotinib,none,NA,NA,2017-09-25
LT_S21,Lung_tumor,TH185,1961-12-31,Male,Asian,Never,Adenocarcinoma,EGFR,L858R,"CDK2NA/B, STK11 R86*, TP53 C242S, S241F",NA,IV,Unknown,2017-07-18,Thoracentesis,Pleura,early,Pending ,on treatment,TKI,erlotinib,none,129 days,5/25/18,2017-07-18
LT_S23,Lung_tumor,TH185,1961-12-31,Male,Asian,Never,Adenocarcinoma,EGFR,L858R,NA,NA,IV,Unknown,2017-07-25,Thoracentesis,Pleura,early,Pending,on treatment,TKI,erlotinib,none,129 days,5/25/18,2017-07-27
LT_S28,Lung_tumor,TH185,1961-12-29,Male,Asian,Never,Adenocarcinoma,EGFR,L858R,NA,NA,IV,Unknown,2017-09-21,Thoracentesis,Pleura,Unknown,SD,on treatment,TKI,erlotinib,none,129 days,5/25/18,2017-09-21
LT_S24,Lung_tumor,TH187,1958-01-07,Female,Asian,Never,Adenocarcinoma,MET,exon14_skipping,"MET amp, CDK4 amp, MDM2 amp, FRS2 amp, NFKB1A amp, NKX2-1 amp, TP53 R273C",NA,IV,positive,2017-07-31,Core,Lung,Unknown,Baseline,tx naive,TKI,crizotinib,none,on treatment,NA,2017-07-31
LT_S32,Lung_tumor,TH187,1958-01-07,Female,Asian,Never,Adenocarcinoma,MET,exon14_skipping,NA,NA,IV,negative,2017-10-27,Core,Lung,Unknown,PR,on treatment,TKI,crizotinib,none,on treatment,NA,2017-10-27
LT_S64,Lung_tumor,TH187,1958-01-07,Female,Asian,Never,Adenocarcinoma,MET,exon14_skipping,NA,NA,IV,negative,2018-04-09,Resection,LN,Unknown,CR,on treatment,TKI,crizotinib,none,on treatment,NA,2018-04-09
LT_S26,Lung_tumor,TH188,1924-07-01,Female,White or Caucasian,Former 60+py,Adenocarcinoma,KRAS,G12C,NA,Formal path negative,IV,negative,2017-08-23,Core,Lung,Unknown,Baseline,prior TKI/ chemo,no tx,none,none,NA,NA,2017-08-23
LT_S31,Lung_tumor,TH199,1959-07-18,Female,White or Caucasian,10-15 prior pack year,Adenocarcinoma,KRAS,G12C,NA,PDL-1 high 80%,IV,Unknown,2017-10-03,Thoracentesis,Pleura,Unknown,Baseline,tx naive,Immunotherapy,Pembrolizumab,none,NA,NA,2017-10-03
LT_S44,Lung_tumor,TH199,1959-07-18,Female,White or Caucasian,10-15 prior pack year,Adenocarcinoma,KRAS,G12C,NA,PDL-1 high 80%,IV,positive,2018-01-16,Bronchoscopy,Lung,Unknown,PD,on treatment,Immunotherapy,pembrolizumab,moraxella,59 days,NA,2018-01-16
LT_S34,Lung_tumor,TH205,1964-05-24,Male,Asian,Never,Adenocarcinoma,EGFR,L858R,NA,Pre-treatment,IV,positive,2017-11-13,Resection,Pleura,Unknown,Baseline,tx naive,TKI,osimertinib,none,NA,NA,2017-11-13
LT_S46,Lung_tumor,TH205,1964-05-24,Male,Asian,Never,Adenocarcinoma,EGFR,L858R,NA,NA,IV,positive,2018-01-22,Core,Lung,early,Pending,on treatment,TKI,osimertinib,none,on treatment,NA,2018-01-22
LT_S35,Lung_tumor,TH208,1954-07-23,Female,White or Caucasian,Never,Adenocarcinoma,EGFR,L861Q,"TP53, ERBB2 H42H, APC splice site mutation, CDKN2A/B loss",NA,IV,positive,2017-11-29,Core,LN,Unknown,Baseline,tx naive,TKI,osimertinib,none,NA,NA,2017-11-29
LT_S39,Lung_tumor,TH208,1954-07-23,Female,White or Caucasian,Never,Adenocarcinoma,EGFR,L861Q,"TP53, ERBB2 H42H, APC splice site mutation",NA,IV,positive,2018-01-08,Thoracentesis,Pleura,Unknown,PD,on treatment,TKI,osimertinib,none,30 days,NA,2018-01-08
LT_S38,Lung_tumor,TH210,1961-03-23,Male,Black or African American,Never,Adenocarcinoma,ALK,fusion,NA,EML4_ALK fusion,IV,positive,2017-12-20,Core,Adrenal,Unknown,Baseline,tx naive,TKI,alectinib,none,on treatment,NA,2017-12-20
LT_S41,Lung_tumor,TH210,1961-03-23,Male,Black or African American,Never,Adenocarcinoma,ALK,fusion,NA,EML4_ALK fusion,IV,positive,2018-01-11,Core,Adrenal,early,Pending,on treatment,TKI,alectinib,none,on treatment,NA,2018-01-11
LT_S62,Lung_tumor,TH210,1961-03-23,Male,Black or African American,Never,Adenocarcinoma,ALK,fusion,NA,EML4_ALK fusion,IV,negative,2018-04-03,Organoid,Organoid,Unknown,Baseline,NA,NA,NA,NA,NA,NA,2018-04-03
LT_S40,Lung_tumor,TH214,1957-02-17,Female,White or Caucasian,Never,Adenocarcinoma,EGFR,del19,NA,PDL-1 70%/TTF1+,IV,negative,2018-01-09,Thoracentesis,Pleura,Unknown,PR,on treatment,TKI,osimertinib,none,on treatment,NA,2018-01-09
LT_S43,Lung_tumor,TH217,1960-04-09,Male,Asian,Never,Adenocarcinoma,EGFR,del19,"MYC amplification, CDKN2A/B p16INK4a loss exon 1 and p14ARF loss and CDKN2B loss, MYCL1 amp",TTF1/Napsin-A/p63,IA,positive,2018-01-16,Core,LN,Unknown,Baseline,tx naive,TKI,osimertinib,none,on treatment,NA,2018-01-16
LT_S45,Lung_tumor,TH218,1958-11-20,Female,Asian,Never,Adenocarcinoma,EGFR,L858R,"PIK3CA, TP56",NA,I,positive,2018-01-18,Core,Adrenal,Unknown,Baseline,tx naive,TKI,osimertinib,none,on treatment,NA,2018-01-18
LT_S55,Lung_tumor,TH218,1958-11-20,Female,Asian,Never,Adenocarcinoma,EGFR,L858R,"PIK3CA, TP57",NA,I,positive,2018-02-23,Core,Adrenal,early,Pending,on treatment,TKI,osimertinib,none,on treatment,NA,2018-02-23
LT_S47,Lung_tumor,TH220,1946-09-18,Female,White or Caucasian,Never,Adenocarcinoma,ALK,fusion,"CK7, TTF-1, NAPSIN-A, pCEA, HMWK",EML4_ALK fusion,IV,positive,2018-02-01,Core,Liver,Unknown,PD,multiple prior tki,TKI,Brigatinib,none,169 days,5/14/18,2018-02-01
LT_S54,Lung_tumor,TH222,1959-03-28,Female,Asian,Never,Adenocarcinoma,ROS1,fusion,NA,NA,IV,positive,2018-02-22,Core,LN,Unknown,PD,on treatment,TKI,Crizotinib,none,809 days,6/30/18,2018-02-22
LT_S72,Lung_tumor,TH222,1959-03-28,Female,Asian,Never,Adenocarcinoma,ROS1,fusion,NA,NA,IV,NA,2018-05-30,Core,LN,Unknown,PD,on treatment,TKI,Crizotinib,none,809 days,6/30/18,2018-05-30
LT_S49,Lung_tumor,TH223,1963-09-02,Female,White or Caucasian,Never,Adenocarcinoma,EGFR,del19,NA,NA,IV,positive,2018-02-08,Bronchoscopy,LN,Unknown,Baseline,tx naive,followed elsewhere,followed elsewhere,none,unknown,NA,2018-02-08
LT_S50,Lung_tumor,TH225,1940-06-25,Female,White or Caucasian,Former,Adenocarcinoma,KRAS,G12C,STK11,NA,IV,positive,2018-02-08,Bronchoscopy,LN,Unknown,Baseline,tx naive,radiation,radiation,none,NA,NA,2018-02-08
LT_S52,Lung_tumor,TH226,1954-12-26,Male,White or Caucasian,Former,Adenocarcinoma,EGFR,del19,"BRCA2 L557*, PIK3CA amp, TP53",NA,IV,positive,2018-02-14,Core,Lung,Unknown,Baseline,tx naive,TKI,osimertinib,none,on treatment,NA,2018-02-14
LT_S57,Lung_tumor,TH226,1954-12-26,Male,White or Caucasian,Former,Adenocarcinoma,EGFR,del19,"BRCA2 L557*, PIK3CA amp, TP53",NA,IV,unknown,2018-03-07,Core,Lung,early,Pending,on treatment,TKI,osimertinib,none,on treatment,NA,2018-03-07
LT_S51,Lung_tumor,TH227,1941-06-18,Male,White or Caucasian,Never,Adenocarcinoma,ALK,intron 19 rearrangement,NA,NA,IV,positive,2018-02-13,Bronchoscopy,LN,Unknown,Baseline,tx naive,TKI,Alectinib,coccidiomycosis,on treatment,NA,2018-02-13
LT_S56,Lung_tumor,TH231,1981-01-29,Male,White or Caucasian,Never,Adenocarcinoma,ALK,fusion,NA,NA,IV,positive,2018-03-02,Bronchoscopy,Lung,Unknown,Baseline,tx naive,TKI,Alectinib,none,on treatment,NA,2018-03-02
LT_S67,Lung_tumor,TH231,1981-01-30,Male,White or Caucasian,Never,Adenocarcinoma,ALK,fusion,NA,NA,IV,positive,2018-04-16,Bronchoscopy,Lung,Unknown,Baseline,tx naive,TKI,Aletinib,none,on treatment,NA,2018-04-16
LT_S76,Lung_tumor,TH231,1981-01-30,Male,White or Caucasian,Never,Adenocarcinoma,ALK,fusion,NA,NA,IV,negative,2018-07-20,Bronchoscopy,Lung,Unknown,PR,on treatment,TKI,Aletinib,none,on treatment,NA,2018-07-20
LT_S71,Lung_tumor,TH236,1959-07-01,Female,White or Caucasian,Never,Adenocarcinoma,EGFR,del19,NA,combined small cell/ adenocarcinoma,IV,positive,2018-05-21,Resection,Lung,Unknown,PR,on treatment,TKI,Osimertinib,none,on treatment,NA,2018-05-21
LT_S66,Lung_tumor,TH238,1949-08-25,Female,White or Caucasian,Former,Adenocarcinoma,BRAF,V600E,NA,NA,I,positive,2018-04-10,Resection,Lung,Unknown,Baseline,tx naive,none,None,none,NA,NA,2018-04-10
LT_S65,Lung_tumor,TH238_Normal,1949-08-25,Female,White or Caucasian,Former,Adenocarcinoma,BRAF,V600E,NA,Heathly,NA,normal,2018-04-10,Resection,Lung,Unknown,Baseline,tx naive,none,None,none,NA,NA,2018-04-10
LT_S69,Lung_tumor,TH248,1965-05-04,Female,Asian,Never,Adenocarcinoma,EGFR,del19,NA,NA,IIIB,positive,2018-05-18,Bronchoscopy,LN,Unknown,Baseline,tx naive,TKI,Osimertinib,none,on treatment,NA,2018-05-18
LT_S74,Lung_tumor,TH248,1965-05-04,Female,Asian,Never,Adenocarcinoma,EGFR,del19,NA,NA,IIIB,positive,2018-06-27,Core,Lung,Unknown,Baseline,tx naive,TKI,Osimertinib,none,on treatment,NA,2018-06-27
LT_S70,Exclude,TH249,1962-09-25,Male,White or Caucasian,Never,Adenoid Cystic Carcinoma,NA,NA,NA,not lung cancer,IV,NA,2018-05-18,Bronchoscopy,LN,Unknown,Baseline,NA,NA,NA,NA,NA,NA,2018-05-18
LT_S73,Exclude,TH257,1966-05-14,Male,White or Caucasian,Never,not cancer,NA,NA,NA,NA,NA,NA,2018-06-21,Bronchoscopy,NA,Unknown,NA,NA,NA,NA,NA,NA,NA,2018-06-21
LT_S75,Lung_tumor,TH266,1978-09-20,Female,Unk/declined,Never,Adenocarcinoma,ALK,fusion,NA,EML4_ALK fusion,IV,positive,2018-07-19,Core,Liver,Unknown,Baseline,Prior chemo,TKI,Alectinib,none,on treatment,NA,2018-07-19
LT_S81,Lung_tumor,TH266,1978-09-20,Female,White or Caucasian,Never,Adenocarcinoma,ALK,fusion,NA,EML4_ALK fusion,IV,positive,2018-08-03,Core,Liver,early,Pending,prior chemo,TKI,Alectinib,none,on treatment,NA,2018-08-03