sample,patient,driver_gene,driver_mutation,mutations_found,numCells,numTumorCells,numTumorCells_w_coverage_to_ROI,numTumorCells_clinMut_found
LT_S65,TH238_Normal,BRAF,V600E,"EGFR T903T,  EGFR R521K, EGFR Q787Q, EGFR T629T,  EGFR T903T, EGFR R831H, BRAF G466E, KRAS A146V, KRAS Q61L, BRAF V600E,  ALK fusion,  KRAS Q61K, NTRK fusion, ",,4,0,0
LT_S45,TH218,EGFR,L858R,"KRAS G12C, ",,0,0,0
LT_S28,TH185,EGFR,L858R," EGFR R521K, ",,0,0,0
LT_S03,TH156,ALK,fusion,,,0,0,0
LT_S66,TH238,BRAF,V600E," EGFR T903T, EGFR Q787Q,  KRAS G13D, EGFR R521K, EGFR T629T, KRAS Q61H, BRAF L597V, KRAS A11A, EGFR P589L, KRAS G12C,  EGFR Q1020H, EGFR D1014N,  EGFR S921R,  EGFR G598V, KRAS D33E, RET fusion,  EGFR F856L, KRAS G12A, ",,260,2,0
LT_S47,TH220,ALK,fusion," EGFR D994D,  EGFR Q787Q,  EGFR T629T, EGFR T903T, BRAF G643G,  EGFR Q1020H, KRAS A11A,  ALK-EML4 fusion, EGFR L387M,  EML4 fusion, ALK fusion, ",,107,0,3
LT_S53,TH067,EGFR,del19,"EGFR T903T,  EGFR F856L, EGFR Q787Q, BRAF G643G, EGFR D1014N,  EGFR T903T, ROS1 fusion, EML4 fusion, ALK fusion, ",,97,0,0
LT_S80,TH179,BRAF,V600E,"EGFR Q787Q,  ROS1 fusion,  EGFR T903T,  EGFR Q787Q, KRAS G13D, ALK fusion, KRAS A11A, ",,13,0,0
LT_S01,TH158,EGFR,del19,"KRAS A11A, BRAF R682W, KRAS G12C, ",,0,0,0
LT_S37,TH107,EGFR,del19,"KRAS G12C, ",,0,0,0
LT_S63,TH171,ALK,fusion,"EGFR T903T, RET fusion,  EGFR T903T, EGFR R521K, EGFR V1142V,  EGFR Q1020H, EGFR R831H, BRAF Q609H,  ALK-EML4 fusion,  EML4 fusion,  EGFR R1100S,  EGFR L907M, KRAS Q61H, ALK fusion, BRAF G643G,  BRAF G469R, EGFR D1014N, KRAS Q61K, ",,720,0,3
LT_S11,TH169,EGFR,del19," EGFR T629T, EGFR R521K,  EGFR del19, EGFR T903T,  KRAS G12F, ALK fusion, ",,177,24,23
LT_S79,TH179,BRAF,V600E," EGFR T903T, EGFR Q787Q, BRAF G466E, RET fusion, NTRK fusion, KRAS Q61H, EML4 fusion,  BRAF V600E, BRAF G643G, ",,60,3,0
LT_S29,TH183,EGFR,del19,,,0,0,0
LT_S81,TH266,ALK,fusion,"KRAS G12A, EGFR Q787Q,  EGFR T903T, KRAS G12C, ROS1 fusion, RET fusion, KRAS A146P, KRAS G13D,  KRAS G12F, KRAS K88K, ",,0,0,0
LT_S67,TH231,ALK,fusion,"EGFR R521K, ",,3,0,0
LT_S22,TH158,EGFR,del19,,,0,0,0
LT_S09,TH067,EGFR,del19,,,0,0,0
LT_S74,TH248,EGFR,del19,"EGFR T903T,  EGFR T629T,  EGFR T903T,  EGFR Q787Q,  EGFR S921R, EGFR del19, ALK fusion,  EGFR R1100S, KRAS G12C,  KRAS G12F,  EGFR G652G, RET fusion, BRAF G466E, ",,79,6,6
LT_S44,TH199,KRAS,G12C,,,0,0,0
LT_S02,TH157,ALK,fusion,,,0,0,0
LT_S34,TH205,EGFR,L858R," EGFR D1014N,  KRAS G12C, EGFR T903T, EGFR R521K, ALK fusion, EGFR L858R,  EGFR T629T,  EGFR Q787Q, ROS1 fusion, RET fusion, NTRK fusion, EML4 fusion, ",,9,1,0
LT_S07,TH103,ALK,fusion," EGFR R521K, EGFR T629T, EGFR Q787Q, ROS1 fusion, ",,12,0,0
LT_S55,TH218,EGFR,L858R," EGFR T629T, EGFR R521K, KRAS G12C, BRAF G643G, BRAF V600E, ",,11,0,0
LT_S38,TH210,ALK,fusion,"EGFR T903T, ",,0,0,0
LT_S21,TH185,EGFR,L858R," EGFR Q787Q,  EGFR T903T,  EGFR T629T, EGFR R521K,  EGFR L858R, EGFR A237V,  EGFR G221V,  EGFR L1167V,  BRAF G643G,  EGFR P589L, EGFR I1093M, KRAS A146P,  EGFR F856L,  EGFR S921R,  EGFR A237>?, KRAS G13D,  EGFR G331R,  ALK fusion,  EGFR H1129Y, EML4 fusion,  BRAF S679N,  BRAF V600E,  EGFR V536M, EGFR S768I, EGFR V769L, EGFR V843L, EGFR E709A, ",,952,198,145
LT_S57,TH226,EGFR,del19," EGFR T903T, EGFR R521K,  KRAS Q61K, ROS1 fusion,  EGFR T629T, KRAS C185S, EGFR Q787Q,  EGFR del19, NTRK fusion,  EGFR V536M, KRAS G13D, BRAF A762E, KRAS A146V, BRAF V600E, ALK fusion, EGFR R1100S, KRAS A11A, KRAS G12C, ",,191,9,9
LT_S56,TH231,ALK,fusion,"ROS1 fusion, ALK fusion, EGFR T903T, KRAS G13D, KRAS C185S,  BRAF A762E, EML4 fusion, ",,350,0,1
LT_S72,TH222,ROS1,fusion,"EGFR T903T,  EGFR D994D,  EGFR Q787Q,  EGFR R1100S,  EGFR T903T, KRAS G13C,  BRAF G643G,  EGFR P1019L, KRAS G12C, EGFR R776H,  EGFR K754E, KRAS L19F,  EGFR G719A, ",,6,0,0
PLATE NOT FOUND,,,," EGFR T629T, EGFR Q787Q, EGFR R521K, KRAS A146P, EGFR T903T,  EGFR G652G, KRAS G12C, BRAF G643G, EGFR S921R,  EGFR del19, ",,6,0,0
LT_S52,TH226,EGFR,del19,"EGFR T903T,  EGFR del19, EGFR Q787Q, ",,14,1,1
LT_S51,TH227,ALK,intron 19 rearrangement," EGFR T629T,  EGFR Q787Q, ",,17,0,0
LT_S12,TH172,BRAF,V600E,"EGFR T629T,  EGFR R521K, ",,0,0,0
LT_S41,TH210,ALK,fusion,"BRAF G643G, ",,15,0,0
LT_S23,TH185,EGFR,L858R,,,0,0,0
LT_S13,TH169,EGFR,L858R,,,1,0,0
LT_S08,TH103,ALK,fusion," EGFR Q787Q,  EGFR T629T,  EGFR R521K,  ALK-EML4 fusion,  EML4 fusion,  ALK fusion,  EGFR G652G, ",,52,0,4
LT_S43,TH217,EGFR,del19,,,4,0,0
LT_S16,TH146,ROS1,ROS1-CD74,"ROS1 fusion, ",,0,0,0
LT_S19,TH150,WT,,,,0,0,0
LT_S71,TH236,EGFR,del19,"EGFR T903T,  EGFR del19, EGFR Q787Q,  EGFR T903T, EGFR S442I, EGFR R1100S, KRAS Q61L, KRAS A11A,  EGFR P1019L,  KRAS G12C, KRAS G13D, KRAS Q61H, KRAS A146V,  EGFR K754E, ",,101,19,18
LT_S54,TH222,ROS1,fusion,,,1,0,0
LT_S48,TH155,EGFR,del19,,,0,0,0
LT_S35,TH208,EGFR,L861Q," EGFR L861Q, ",,1,1,1
LT_S78,TH179_Normal,ALK,fusion,"EGFR Q787Q,  EGFR T903T, BRAF G643G,  EGFR Q787Q, ",,11,0,0
LT_S17,TH174,WT,,,,0,0,0
LT_S49,TH223,EGFR,del19,"BRAF G643G, EGFR T903T, ",,7,0,0
LT_S75,TH266,ALK,fusion,"EGFR Q787Q,  EGFR Q787Q, EGFR T903T,  ALK-EML4 fusion,  EML4 fusion, BRAF V600E, KRAS C185S, ",,1,0,0
LT_S50,TH225,KRAS,G12C,"EGFR R521K, EGFR T629T,  EGFR Q787Q,  EGFR R521K, EGFR T903T, ",,20,17,0
LT_S42,TH158,EGFR,del19,,,3,0,0
LT_S05,TH103,ALK,fusion,,,1,0,0
LT_S69,TH248,EGFR,del19,"EGFR Q787Q, EGFR T903T,  EGFR S811F, EGFR del19,  EGFR Q787Q,  EGFR T629T,  EGFR V843L, EGFR R1100S, KRAS G12C,  EGFR ins20, EML4 fusion, EGFR L858R, KRAS A146P, BRAF G643G, ROS1 fusion, ALK fusion, ",,305,15,14
LT_S58,TH179,BRAF,V600E,"EGFR Q787Q, KRAS A146P, BRAF L89L, ALK fusion,  KRAS Q61L,  EGFR Q787Q, EGFR T903T, KRAS C118S, NTRK fusion, EML4 fusion,  BRAF A762E, KRAS A146V,  ROS1 fusion, EGFR G857V, KRAS G12C, BRAF G643G, ",,64,0,0
