patient,driver_gene,driver_mutation,mutations_found,numCells,numTumorCells,numTumorCells_w_coverage_to_ROI,numTumorCells_clinMut_found
TH248,EGFR,del19,"['EGFR L858R', 'EGFR S811F', 'RET fusion', 'EGFR del19', 'KRAS G12A', 'EGFR V843L', 'ALK fusion', 'EML4 fusion', 'EGFR S921R', 'KRAS A146P', 'EGFR Q787Q', 'EGFR G652G', 'KRAS G12F', 'KRAS G12C', 'BRAF G643G', 'EGFR T629T', 'EGFR R1100S', 'EGFR ins20', 'BRAF G466E', 'ROS1 fusion', 'EGFR T903T']",608,384,21,20
TH205,EGFR,L858R,"['ROS1 fusion', 'NTRK fusion', 'EGFR L858R', 'EGFR T629T', 'EGFR V769L', 'EGFR R521K', 'RET fusion', 'EML4 fusion', 'EGFR Q787Q', 'ALK fusion', 'EGFR T903T', 'EGFR D1014N', 'KRAS G12C']",298,9,1,0
TH217,EGFR,del19,[],6,4,0,0
TH185,EGFR,L858R,"['EGFR R521K', 'EGFR Q787Q', 'EGFR V536M', 'KRAS A146P', 'EGFR H1129Y', 'EGFR L1167V', 'EGFR S768I', 'EGFR G221V', 'EGFR L858R', 'EGFR V843L', 'BRAF S679N', 'EGFR A237V', 'BRAF G643G', 'EGFR G331R', 'EML4 fusion', 'EGFR F856L', 'BRAF V600E', 'ALK fusion', 'EGFR S921R', 'EGFR T903T', 'EGFR P589L', 'EGFR A237>?', 'EGFR T629T', 'EGFR I1093M', 'EGFR E709A', 'KRAS G13D', 'EGFR V769L']",987,952,198,145
TH218,EGFR,L858R,"['EGFR P589L', 'BRAF G643G', 'EGFR T629T', 'EGFR R521K', 'BRAF V600E', 'KRAS G12C']",235,11,0,0
TH172,BRAF,V600E,"['EGFR R521K', 'EGFR Q787Q', 'EGFR T629T']",8,0,0,0
TH226,EGFR,del19,"['ROS1 fusion', 'NTRK fusion', 'EGFR R1100S', 'EGFR T629T', 'KRAS G12C', 'EGFR R521K', 'BRAF V600E', 'EGFR Q787Q', 'KRAS Q61H', 'ALK fusion', 'KRAS G13D', 'KRAS A11A', 'EGFR del19', 'EGFR V536M', 'EGFR T903T', 'KRAS C185S', 'KRAS A146V', 'BRAF A762E', 'KRAS Q61K']",1109,205,10,10
TH174,WT,,[],1,0,0,0
TH231,ALK,fusion,"['ROS1 fusion', 'EGFR R521K', 'EML4 fusion', 'ALK fusion', 'KRAS G13D', 'EGFR T903T', 'KRAS C185S', 'BRAF A762E']",537,353,0,1
TH179_Normal,ALK,fusion,"['EGFR T903T', 'BRAF G643G', 'EGFR Q787Q']",236,11,0,0
TH171,ALK,fusion,"['ALK-EML4 fusion', 'BRAF G469R', 'EGFR V1142V', 'BRAF Q609H', 'EGFR R1100S', 'RET fusion', 'EGFR R521K', 'EGFR Q1020H', 'EGFR R831H', 'EML4 fusion', 'BRAF G643G', 'EGFR G857V', 'KRAS Q61H', 'ALK fusion', 'EGFR L907M', 'EGFR T903T', 'EGFR D1014N', 'KRAS Q61K', 'BRAF G469L']",837,720,0,3
TH227,ALK,intron 19 rearrangement,"['EGFR T629T', 'EGFR R521K', 'EGFR Q787Q', 'EGFR T903T']",81,17,0,0
TH222,ROS1,fusion,"['EGFR L1034I', 'EGFR R1100S', 'BRAF G643G', 'EGFR L747S', 'EGFR P1019L', 'EGFR R776H', 'EGFR D994D', 'EGFR Q787Q', 'KRAS G13C', 'KRAS L19F', 'EGFR G719A', 'EGFR T903T', 'EGFR K754E', 'KRAS G12C']",367,7,0,0
TH220,ALK,fusion,"['ALK-EML4 fusion', 'EGFR T629T', 'BRAF G643G', 'EGFR Q1020H', 'EGFR R521K', 'EML4 fusion', 'EGFR L387M', 'EGFR D994D', 'EGFR Q787Q', 'KRAS A11A', 'ALK fusion', 'EGFR T903T']",299,107,0,3
TH158,EGFR,del19,"['KRAS A11A', 'BRAF R682W', 'KRAS G12C']",41,3,0,0
TH223,EGFR,del19,"['EGFR T903T', 'BRAF G643G']",28,7,0,0
TH156,ALK,fusion,[],9,0,0,0
TH183,EGFR,del19,[],2,0,0,0
TH155,EGFR,del19,[],72,0,0,0
TH236,EGFR,del19,"['EGFR K754E', 'EGFR R1100S', 'EGFR P1019L', 'EGFR S442I', 'EGFR Q787Q', 'KRAS Q61H', 'KRAS A11A', 'KRAS Q61L', 'EGFR del19', 'KRAS G13D', 'EGFR T903T', 'KRAS A146V', 'KRAS G12C']",621,101,19,18
TH146,ROS1,ROS1-CD74,['ROS1 fusion'],4,0,0,0
TH179,BRAF,V600E,"['BRAF G466E', 'EGFR Q787Q', 'KRAS C118S', 'KRAS Q61L', 'KRAS A146P', 'KRAS A146V', 'BRAF L89L', 'EGFR G857V', 'ROS1 fusion', 'BRAF G643G', 'RET fusion', 'EML4 fusion', 'BRAF V600E', 'ALK fusion', 'KRAS A11A', 'EGFR T903T', 'KRAS G12C', 'NTRK fusion', 'KRAS Q61H', 'KRAS G13D', 'BRAF A762E']",827,137,4,0
TH157,ALK,fusion,[],15,0,0,0
TH169,EGFR,del19,"['EGFR T629T', 'EGFR R521K', 'KRAS A11A', 'ALK fusion', 'EGFR del19', 'EGFR T903T', 'KRAS G12F']",189,178,24,23
TH225,KRAS,G12C,"['EGFR T629T', 'EGFR R521K', 'EGFR Q787Q', 'EGFR T903T']",91,20,17,0
TH103,ALK,fusion,"['ALK-EML4 fusion', 'ROS1 fusion', 'EGFR T629T', 'EGFR R521K', 'EML4 fusion', 'EGFR Q787Q', 'EGFR G652G', 'ALK fusion']",73,65,0,4
TH238,BRAF,V600E,"['EGFR P589L', 'EGFR T629T', 'KRAS G13V', 'EGFR Q1020H', 'EGFR R521K', 'KRAS D33E', 'RET fusion', 'EGFR F856L', 'KRAS G12A', 'EGFR Q787Q', 'KRAS Q61H', 'KRAS A11A', 'EGFR S921R', 'EGFR G598V', 'KRAS G13D', 'EGFR T903T', 'EGFR D1014N', 'BRAF L597V', 'KRAS G12C']",632,260,2,0
TH067,EGFR,del19,"['ROS1 fusion', 'BRAF G643G', 'EML4 fusion', 'EGFR F856L', 'EGFR Q787Q', 'ALK fusion', 'EGFR T903T', 'EGFR D1014N']",173,97,0,0
TH199,KRAS,G12C,[],2,0,0,0
TH266,ALK,fusion,"['ALK-EML4 fusion', 'ROS1 fusion', 'KRAS K88K', 'RET fusion', 'EML4 fusion', 'KRAS G12A', 'BRAF V600E', 'EGFR Q787Q', 'ALK fusion', 'KRAS G13D', 'KRAS A146P', 'EGFR T903T', 'KRAS C185S', 'KRAS G12F', 'KRAS G12C']",636,1,0,0
TH150,WT,,[],1,0,0,0
TH210,ALK,fusion,"['EGFR T903T', 'BRAF G643G']",49,15,0,0
TH208,EGFR,L861Q,"['EGFR T629T', 'EGFR R521K', 'EGFR L861Q', 'EGFR D994D']",2,1,1,1
TH107,EGFR,del19,['KRAS G12C'],36,0,0,0
TH238_Normal,BRAF,V600E,"['NTRK fusion', 'EGFR T629T', 'EGFR R521K', 'EGFR R831H', 'BRAF G466E', 'BRAF V600E', 'EGFR Q787Q', 'ALK fusion', 'KRAS Q61L', 'EGFR T903T', 'KRAS A146V', 'KRAS Q61K']",292,4,0,0
