sample,patient,driver_gene,driver_mutation,mutations_found,numTumorCells,numTumorCells_w_coverage_to_ROI,numTumorCells_clinMut_found
LT_S07,TH103,ALK,fusion," EGFR T629T,  KEAP1 L471L,  EGFR R521K,  EGFR A21A, ",12,0,0
LT_S08,TH103,ALK,fusion,"DROSHA N1255N,  PTPN13 S1001S, KEAP1 L471L,  EGFR R521K,  ALK--EML4 fusion,  EGFR T629T,  TP53 E180K,  EGFR Q787Q, HIF1A A612T,  NFE2L2 V417L, KEAP1 A191T, ",52,0,5
LT_S47,TH220,ALK,fusion,"KRAS G13D, KDR T1339K, ALK A1251D,  KEAP1 V271M, KEAP1 R483C,  ALK--EML4 fusion,  STK11 R524S, KEAP1 G417E,  EGFR L387M, BRAF G466E, TP53 P105P, RAD21 L372L, ALK H1475Q, KEAP1 R272H, TP53 V175L, NFE2L2 E79Q, KEAP1 M110V, ALK K321R, RB1 K548fs*3, MAP2K1 K57N, RB1 W75*, RAD21 A410A,  SMARCA4 A1249S, RB1 G192R, SMARCA4 L1161fs*3,  EGFR Q1020H, KEAP1 M503K, MAP2K2 D341N, ERBB2 Q943*,  TP53 T284P, NKX21 T38M,  SMARCA4 A1448V, AKT1 L335L, ",107,0,3
LT_S81,TH266,ALK,fusion,"TP53 Y110C, KRAS G13C, KEAP1 S224Y,  TP53 R248W, KEAP1 M94I, SOX2 G219V, KEAP1 R15L, NOTCH1 C438Y, SMARCA4 A819A, TP53 P105P, TP53 W91*, TP53 R342*, SMARCA4 P153fs*150, BRAF Q609H, MAP2K2 R487L,  KEAP1 V83F, KEAP1 Q75*, BRAF G643G, KEAP1 L557L,  TP53 R337L, KEAP1 V155F, TP53 R123W, RB1 M230I,  SMARCA4 T1129S, KDR P263T,  TP53 E103K, KEAP1 V271M, NFE2L2 S414N, SMARCA4 A1448V,  SMARCA4 D1235Y, TP53 R282W, KEAP1 Q284L, MAP2K2 R299M, KEAP1 M110V, TP53 R249G,  MAP2K2 P472P,  STK11 E544*, KDR P32T, SMARCA4 A509S, SMARCA4 V1404G,  KEAP1 S592R, NFE2L2 H416Y, KEAP1 G524C, KEAP1 L374L, KEAP1 Q284*,  TP53 G146W, KEAP1 G333C, TP53 V172G, RB1 N186fs*6, NFE2L2 K506N, KEAP1 R415C, KEAP1 R470C,  TP53 C135F, MAP2K1 A76S, TP53 Q51H, NFE2L2 T80K, KDR W485C, KDR R347H,  TP53 G245R, KEAP1 L100P, DROSHA I922V, NOTCH1 C618W,  NFE2L2 D27H, KEAP1 R116W, PTPN13 P940P,  MAP2K1 M256T,  MAP2K2 P109P, TP53 Y103*, KEAP1 R272H, KDR T279T, SMARCA4 E1023Q, STK11 D542G,  KRAS G13D, KEAP1 L310P, HIF1A T666S, KEAP1 G364D,  KEAP1 R483H,  TP53 G244D, NFE2L2 W24R, SMARCA4 L6F, SMARCA4 A948V, MAP2K1 G128V, KEAP1 R460S, TP53 G56G, KEAP1 V123L, DDR2 T782I, KDR A973S, SMARCA4 G1031V, KEAP1 F139L,  TP53 R119R, RAD21 L567V, KEAP1 R470H, TP53 P60S,  TP53 Y110C, MAP2K2 R194H, NOTCH1 E1555K, MAP2K1 P15S, TP53 G304G, STK11 R225R, AKT1 R465C, KDR N156D, RAD21 D123Y, NFE2L2 Q26L,  TP53 R283P,  TP53 Q12*, RAD21 D118V, TP53 V274F, MAP2K2 R297R, SMARCA4 R521W, NFE2L2 D29H, TP53 A7V, MAP2K2 A310V, HIF1A M250I, KDR E993K, SMARCA4 G1232V, STK11 H514D, KEAP1 R234P, TP53 L148L, KEAP1 M110I,  NFE2L2 V417L, STK11 G251V,  STK11 K535M, SMARCA4 Q544P,  TP53 R337C, KEAP1 T142M, ",0,0,0
LT_S01,TH158,EGFR,del19,"STK11 C167R, ",0,0,0
LT_S71,TH236,EGFR,del19,"TP53 Y110C, MAP2K1 F53L, TP53 V272E, DDR2 F64Y, KEAP1 A40V, DDR2 R83H, MAP2K2 R297R, MAP2K2 F338L,  TP53 S166*, RAD21 V284F, KEAP1 Q46*, STK11 G61fs*3,  NFE2L2 N513I, TP53 L217L, TP53 V175L, NFE2L2 L266F,  NFE2L2 K506N,  EGFR E746_A750delELREA, KEAP1 N397delN, MAP2K1 K57T, NFE2L2 L143R, NOTCH1 P284P, MAP2K1 G128V, DDR2 G570G,  SMARCA4 G594A, TP53 A7V, STK11 S216F,  RAD21 A410A,  EGFR S442I, EGFR del19, AKT1 R465C,  NKX21 P155fs*43, TP53 Q100*, TP53 R123W,  SMARCA4 G1162C, RB1 N186fs*6, SMARCA4 L6F, TP53 V31V, NFE2L2 S414N, SMARCA4 P153fs*150, NFE2L2 D77G, TP53 A289T, DDR2 S830N, TP53 W91*, NOTCH1 G434fs*197, KEAP1 S592R,  TP53 P105P, KEAP1 V418L, KEAP1 G423V, MAP2K2 C205C, DDR2 K551N, KDR A973S, TP53 C149W, TP53 C44Y, RAD21 M254I, NKX21 G164S,  STK11 R106R, BRAF G466E, KEAP1 Q284*, SMARCA4 L1545L, PTPN13 E283E, MAP2K2 R55R, KEAP1 C196F, MAP2K2 R295W,  SMARCA4 A1448V, MAP2K2 D341N, NKX21 T38M,  NKX21 L395L, KEAP1 V155A, KEAP1 E205*, KEAP1 A159P, KRAS A146P,  KEAP1 R483H, AKT1 T430T, NKX21 P189P, NFE2L2 V417L,  KRAS G12C,  MAP2K1 C121C, KEAP1 S243C, RB1 P39fs*26,  STK11 E199*, DDR2 R307L, DDR2 T782I, KEAP1 C171F,  SMARCA4 R1192P, TP53 K164*, NFE2L2 D29H, MAP2K2 A181A, KEAP1 G480W,  EGFR K754E, KEAP1 I559I, ",101,19,19
LT_S49,TH223,EGFR,del19,"MAP2K2 I220I,  EGFR T903T, SMARCA4 H508H, STK11 A308P, KEAP1 R272H, DDR2 G101W, SMARCA4 G394W,  TP53 M153I, KEAP1 M161I,  TP53 P72R,  NFE2L2 S414N,  MAP2K2 I220I,  NOTCH1 A1851S, ",7,0,0
LT_S80,TH179,BRAF,V600E,"KEAP1 V271M, KRAS A146V, KDR W485C, RAD21 T199S, DDR2 R83H, SMARCA4 L848P,  SMARCA4 P153fs*150, KEAP1 Q284*, NOTCH1 P284P,  NOTCH1 R2313G, AKT1 L335L, STK11 G174R,  TP53 G146W, TP53 P105P, KDR E1297*, KEAP1 A191T, KEAP1 G417E, KEAP1 R483H, ",13,0,0
LT_S05,TH103,ALK,fusion,"KEAP1 L471L, ",1,0,0
LT_S23,TH185,EGFR,L858R,,0,0,0
LT_S58,TH179,BRAF,V600E,"NFE2L2 T80A, DROSHA E1363D, TP53 Q12*, SMARCA4 G394W, KDR Q422Q, NKX21 P189P, SMARCA4 A948V, KRAS C185S, NFE2L2 H416Y,  STK11 I303M, DDR2 F665F, TP53 A7V,  STK11 A397V, MAP2K2 R297R, KEAP1 S243C, NKX21 C244C,  TP53 A161D, MAP2K2 F338Y, SMARCA4 L6F, TP53 G266E, DROSHA P1102P, DROSHA R1342L, NFE2L2 G81S, KEAP1 R554Q,  EGFR G857V, TP53 C124*, RAD21 Q474*, TP53 V175L, NFE2L2 L266F,  TP53 Y110C, ERBB4 P800S, TP53 V73fs*50,  KEAP1 A95S, TP53 G56G, NFE2L2 S414N, RB1 N186fs*6, TP53 V157F, SMARCA4 P153fs*150, MAP2K2 P22S, KRAS Q61H, TP53 C3fs*35, MAP2K2 D341N, TP53 R123W, ",64,0,0
LT_S11,TH169,EGFR,del19,"STK11 G294C,  EGFR E746_A750delELREA, KEAP1 M503K,  TP53 C9*, EGFR del19, SMARCA4 E1339*, BRAF A762E,  TP53 C44Y,  NKX21 C244C, TP53 R282W,  TP53 R273H, KEAP1 P318L, STK11 K535M, SMARCA4 Q1195H, KEAP1 Y537Y,  TP53 C275F, KEAP1 D479G,  TP53 A276D, NKX21 S79L, SMARCA4 R521W, TP53 P47fs*76,  RAD21 D95H, TP53 Q12*, ",177,24,23
LT_S42,TH158,EGFR,del19,,3,0,0
LT_S66,TH238,BRAF,V600E," TP53 Y110C, KRAS A146P, KRAS Q61H, MAP2K2 R297R, NFE2L2 G81S,  TP53 R282W, KEAP1 V155A,  EGFR S921R, TP53 G146W, KEAP1 Q75*, DDR2 S79S, KEAP1 R204P, MAP2K2 P109P, STK11 L386L, KRAS G12F, SMARCA4 P153fs*150, SMARCA4 R521P,  TP53 P105P, KEAP1 E117K,  EGFR G42D, KEAP1 G333C, BRAF V600E,  TP53 R168K, TP53 R283P, KEAP1 V167F, DROSHA E1193*, TP53 F155V,  NKX21 P155fs*43, RB1 Q121*, MAP2K2 S176S, AKT1 L335L,  TP53 H193L, MAP2K1 S331R, SMARCA4 F1052L,  KEAP1 G419W, ERBB4 R47G, KEAP1 R483H, TP53 G245D,  STK11 G242W, NOTCH1 P2415delP, STK11 Q152*, KDR N143K,  TP53 G56G, KEAP1 G430S,  PTPN13 S145F, SMARCA4 R521W,  MAP2K2 P22S, KEAP1 G332C, NOTCH1 G2345V, AKT1 R465C,  STK11 Q220*,  KEAP1 P278S, PTPN13 A45S, STK11 G294C, STK11 C199F, RB1 E539D,  EGFR G598V, NFE2L2 H416Y, NOTCH1 V2038L, RB1 L88F,  SMARCA4 Q331*, TP53 E103K,  RB1 L199fs*2, PTPN13 A892T, FGFR2 W290C, STK11 I642M, STK11 V425V,  EGFR Q1020H, TP53 R123W, RAD21 A410A, NFE2L2 D29H,  EGFR P589L,  SMARCA4 A1448V, KEAP1 T142M,  TP53 Q12*,  EGFR F856L, KEAP1 R320W,  TP53 G154fs*16, SMARCA4 H52P, MAP2K1 F53L, PTPRT E318*,  SMARCA4 E1612*,  STK11 D194Y, KEAP1 R116W, RB1 E97fs*13, NOTCH1 P284P,  EGFR D1014N, KEAP1 G423V, MAP2K2 P472P, FGFR2 A53A, NFE2L2 W24C, MAP2K2 L195L, KDR P263T, NFE2L2 D27H, STK11 P281L, ",260,2,2
LT_S78,TH179_NAT,BRAF,V600E," EGFR T903T, MAP2K2 I220I, KEAP1 P361L, SMARCA4 H508H, KEAP1 L471L, SMARCA4 H52P,  STK11 W332*,  EGFR Q787Q,  KRAS Q61L, RAD21 Q293E, PTPN13 S1001S, ERBB2 T917S, KDR R347H,  EGFR N158N,  KEAP1 V271M, HIF1A Q721E, NOTCH1 D1698D, KEAP1 R483H,  MAP2K1 A76S,  NOTCH1 G434fs*197,  MAP2K2 R297R, RB1 W78*, DROSHA E1193*,  NFE2L2 S414N, KEAP1 P278S,  STK11 A41S, TP53 G245D, ERBB4 V1055V,  STK11 R106R, ",11,0,0
LT_S51,TH227,ALK,intron 19 rearrangement,"TP53 Q43*, NFE2L2 H416Y, NKX21 P155fs*43, HIF1A A612T, NFE2L2 S414N, TP53 R175H, ",17,0,0
LT_S55,TH218,EGFR,L858R,"NFE2L2 K506N, KEAP1 V155A, PTPN13 S699Y,  EGFR P589L, DDR2 V250M, RB1 L199fs*2, DROSHA E1363D, NFE2L2 N513I, TP53 A7V, NFE2L2 D29H, SMARCA4 L773L, KDR D180E, ",11,0,0
LT_S65,TH238_NAT,BRAF,V600E,"MAP2K2 I220I,  EGFR Q787Q,  MAP2K2 I220I,  SMARCA4 H508H, SMARCA4 G394W,  EGFR T903T, TP53 P72R, STK11 R225R,  PTPN13 S1001S,  EGFR T629T, SMARCA4 L6F, KEAP1 R116W, KEAP1 V369L,  TP53 Y110C,  TP53 G146W,  EGFR R521K,  DDR2 R83H, TP53 G56G, KEAP1 A40V, STK11 A397V, DDR2 A499A, MAP2K2 R299M,  EGFR R831H,  STK11 E145*,  EGFR N158N, STK11 P281L, MAP2K2 Q74Q, TP53 E252*, MAP2K2 D341N, PTPN13 E283E, KEAP1 R234P, STK11 E544*, KEAP1 Q284*, TP53 P151A,  RAD21 P510T, KEAP1 R272H, MAP2K1 F53L,  KEAP1 G195V, NOTCH1 T445T, NOTCH1 D1698D, ",4,0,0
LT_S82,TH226,EGFR,del19,"MAP2K2 I220I, NFE2L2 S414N,  PTPN13 P940P, NOTCH1 D1698D,  TP53 P72R,  MAP2K2 I220I,  EGFR T903T,  TP53 N20N, DROSHA N1255N, DDR2 S830N, NFE2L2 K506N,  STK11 A397V,  TP53 L111Q,  PTPN13 S1001S,  TP53 R249S,  TP53 R282R,  EGFR T629T, KEAP1 R116W, NOTCH1 P2469S,  EGFR Q787Q,  HIF1A A612T,  TP53 C9*,  TP53 M13I,  TP53 Y110C, KEAP1 A95S,  SMARCA4 E1612*,  EGFR R521K, RB1 N186fs*6, AKT1 L335L,  SMARCA4 A509S, NFE2L2 G81S, MAP2K2 R299M,  TP53 P105P, STK11 G251R, NOTCH1 C438Y,  SMARCA4 G1232V, NFE2L2 E82D, DDR2 G853G, KEAP1 G423V,  SMARCA4 G394W,  EGFR R335R,  TP53 E294*, BRAF V600E,  STK11 E70*,  TP53 R249G, DDR2 A499A,  EGFR N158N, TP53 C3W,  TP53 G56G,  TP53 H193L,  KRAS C185S, SMARCA4 L1545L,  NFE2L2 D27G,  KEAP1 R320W, RET S891*,  STK11 K108*, MAP2K1 C121C,  TP53 E285V, TP53 E298*,  TP53 C242S,  KRAS G13D,  TP53 R65C,  TP53 Y107*, DDR2 G774G, ",6,1,1
LT_S56,TH231,ALK,fusion,"KEAP1 V271M, KEAP1 R272H, MAP2K2 R487L, RAD21 L324P, MAP2K2 P472P, TP53 P105P, KEAP1 L231V, KEAP1 T142M,  SMARCA4 P153fs*150, MAP2K2 R297R, TP53 G304G, NFE2L2 D38H, NFE2L2 S414N, NKX21 P155fs*43, KEAP1 R116W, SMARCA4 A509S,  SOX2 G144R, SMARCA4 Q544P, MAP2K2 R194H, SOX2 G219V,  STK11 G251V, TP53 V175L, STK11 K424R, KEAP1 A95S, PTPRT R247P, KEAP1 S592R, MAP2K2 P22S, NFE2L2 W24R, NFE2L2 N513I,  SMARCA4 P109L, RAD21 A410S, KEAP1 Q284*, NFE2L2 K506N, MAP2K2 Q114*,  SMARCA4 G1162C, MAP2K2 N177T, TP53 R175H, MYCL C253F, KEAP1 W544C, TP53 Y110C, KDR W485C, SMARCA4 R521W, KEAP1 Q46*, KEAP1 S73I, RAD21 V284F, ERBB2 T917S, TP53 F155V, KRAS A146P,  NFE2L2 S597fs*>8, PTPRT Q479E,  EGFR L303L, PTPN13 S1243R, BAP1 P390T, KEAP1 I304M,  PTPRT R1368*, KEAP1 G364D,  RB1 C278R, SMARCA4 L6F, SMARCA4 A948V, PTPRT T329N, PTPRT G276D, BRAF S679N, ",350,0,0
LT_S67,TH231,ALK,fusion,"KEAP1 R554Q,  EGFR R521K, NFE2L2 G31E, NFE2L2 D38H, ",3,0,0
LT_S69,TH248,EGFR,del19," SMARCA4 L6F,  EGFR K745_A750>T,  TP53 L52P, EGFR del19, AKT1 L335L,  ERBB2 V308M, KEAP1 R204P, NFE2L2 S597fs*>8,  MAP2K1 A76S, HIF1A A612T, SMARCA4 P153fs*150, TP53 V175L, MAP2K2 F338L,  EGFR V843L,  EGFR S811F, SMARCA4 A509S, ERBB2 R128Q,  NKX21 P155fs*43,  NKX21 T38M,  EGFR L858R, KEAP1 T142M,  KEAP1 R460G, NFE2L2 E82D, TP53 Y110C, SMARCA4 G394W, TP53 P105P, STK11 K424R, AKT1 R465C,  KEAP1 Q75*,  TP53 C277F, ERBB2 Y757Y, NFE2L2 H416Y,  SMARCA4 F1052L, SMARCA4 R521W, MAP2K1 P15S, KEAP1 A40V, KRAS L19F, TP53 A7V, MAP2K2 R297R, KEAP1 R483R, STK11 G56V,  TP53 A276D, MAP2K2 P22S, KEAP1 E117K, TP53 N20N, STK11 H514D, ",305,15,14
LT_S48,TH155,EGFR,del19,"SMARCA4 H508H, BRAF G469L, KEAP1 D389Y, ",0,0,0
LT_S74,TH248,EGFR,del19,"TP53 V175L, MAP2K2 D341N, KRAS Q61L, RAD21 R627K, TP53 G146W,  EGFR K745_A750>T,  MAP2K2 R299M, NOTCH1 A1851S, KEAP1 R116W, MAP2K2 R297R, HIF1A K310N, HIF1A M250I, TP53 L52P, RAD21 P510T,  TP53 P105P, RB1 L199fs*2,  STK11 G174R,  EGFR I91V, EGFR del19,  NKX21 C244C, TP53 R280T, NFE2L2 G81V, NKX21 P155fs*43, KEAP1 K323fs*5,  MAP2K1 E73E,  SMARCA4 P153fs*150, TP53 Y110C, SMARCA4 Q331*, TP53 G245R, TP53 G244D, PTPN13 G1001*, TP53 T153A, KEAP1 R261P, MAP2K1 R189*, KEAP1 T142M, KEAP1 S592R, NOTCH1 L818V,  EGFR G652G, TP53 G245D,  SMARCA4 G1162C, KEAP1 K97N, KEAP1 G527F, AKT1 R465C, MAP2K2 F338Y, ",79,6,5
LT_S57,TH226,EGFR,del19,"NFE2L2 K506N, TP53 Y110C,  EGFR G42D, KEAP1 G430S, NFE2L2 S230L, SMARCA4 A509S, MAP2K2 A117V,  SMARCA4 P153fs*150, KEAP1 A95S, KEAP1 R470H, NFE2L2 E82D, AKT1 R465C, KEAP1 Q193H, TP53 P105P, BAP1 A140V, TP63 A227S, KEAP1 V167F, PTPN13 D1736Y,  EGFR E746_A750delELREA,  MAP2K2 P472P, DDR2 E113K, TP53 L111Q, HIF1A A612T, RB1 E72*, TP53 F155V, NFE2L2 L464V, MAP2K2 P22S, NFE2L2 H416Y, TP53 Q133E,  EGFR V536M, KEAP1 L471L, MAP2K2 L37L, SMARCA4 R521W, MAP2K2 T287T, KEAP1 D479G, NFE2L2 D29H, NKX21 L395L, MAP2K2 R297R,  STK11 K535M, KEAP1 Y537Y, TP53 C3W, NKX21 P155fs*43,  MAP2K2 S479R, MAP2K2 R299M, RAD21 D95H, STK11 R106R, EGFR del19, NKX21 S79L, SOX2 G219V, KEAP1 A40V, NFE2L2 R34G,  EGFR R1100S, KEAP1 C196F, BRAF R682W, TP53 R280*, KEAP1 W544C, KEAP1 R116W, NKX21 C244C, KRAS Q61L,  SMARCA4 G394W, TP53 R123W, KRAS K88K, STK11 H514D, MAP2K1 Y134C, KEAP1 P278R,  KEAP1 D78N, KEAP1 G527F, MAP2K2 Q126Q, MAP2K2 F338Y, STK11 R447P, KEAP1 M503K, KEAP1 R272H, TP53 P191fs*56, KEAP1 S592R, KEAP1 R483H, DDR2 S830S, RB1 N186fs*6, TP53 C149W, FGFR2 A53A, KEAP1 V271M, KEAP1 L231V, TP53 V41L, HIF1A M250I, KEAP1 G417R, MAP2K2 Q114*, KEAP1 V369L,  TP53 Y73C, KRAS G12A, MAP2K2 D341N, TP53 L190P, RAD21 A410A, KEAP1 D389Y, MAP2K2 A265T, NFE2L2 R34Q, ",191,9,9
LT_S41,TH210,ALK,fusion,"SMARCA4 L6F, MAP2K2 I220I, SMARCA4 H508H,  SMARCA4 L6F, ",15,0,0
LT_S54,TH222,ROS1,fusion,,1,0,0
LT_S52,TH226,EGFR,del19," EGFR E746_A750delELREA, KEAP1 S592R,  SMARCA4 G394W, SMARCA4 A509S, KRAS D33E, KRAS Q61H,  EGFR G42D, ",14,1,1
LT_S13,TH169,EGFR,del19,,1,0,0
LT_S43,TH217,EGFR,del19,,4,0,0
LT_S28,TH185,EGFR,L858R,"KEAP1 Y537Y,  EGFR T629T, ",0,0,0
LT_S03,TH156,ALK,fusion,"MAP2K2 P32P, ",0,0,0
LT_S50,TH225,KRAS,G12C,"MAP2K2 I220I, AKT1 E242E,  EGFR R521K,  MAP2K2 I220I,  KRAS G12C,  EGFR T903T,  SMARCA4 H508H,  KEAP1 R272H,  KEAP1 S592R,  TP53 P105P, KEAP1 S73I,  DDR2 L420L, HIF1A A612T,  EGFR T629T, KRAS A11A,  NKX21 C244C,  TP53 F155V,  TP53 T125T,  DROSHA E1193*,  PTPN13 S1001S,  TP53 R175H,  NFE2L2 S597fs*>8, ",20,17,16
LT_S02,TH157,ALK,fusion," TP53 P72R, KEAP1 G195V, KEAP1 Y537Y, ",0,0,0
LT_S16,TH146,ROS1,ROS1-CD74," ROS1--CD74 fusion, ",0,0,3
LT_S21,TH185,EGFR,L858R,"PTPN13 S1001S,  KEAP1 L471L,  STK11 V41M,  PTPN13 S1001S,  DROSHA N1255N,  EGFR T903T,  EGFR Q787Q,  TP53 C242S,  TP53 S241F, AKT1 E242E,  EGFR R521K,  EGFR A237V,  EGFR T629T,  TP53 P105P, DDR2 A499A,  HIF1A A612T,  KEAP1 Y537Y,  RAD21 E365Q,  MAP2K2 R299M,  STK11 V113M,  NFE2L2 K506N,  TP53 W91*,  EGFR L1167V,  DROSHA P1102P,  KEAP1 G423V,  KEAP1 A191T,  SMARCA4 G394W,  SMARCA4 G1031V,  NOTCH1 D1698D,  KEAP1 R483R,  RAD21 G221A,  MAP2K2 I220I,  TP53 G56G,  KEAP1 P278S,  TP53 R273C,  NFE2L2 V417L,  TP53 S166*,  TP53 I254S,  KRAS A11A,  EGFR L858R,  KEAP1 T142M,  MAP2K2 R297R, KEAP1 P105S,  TP53 R282W,  PTPN13 G962D,  KEAP1 S592R,  EGFR G42D,  TP53 G304G,  NFE2L2 E79Q,  MAP2K2 P22S,  KEAP1 Q284*,  KEAP1 E611D,  KRAS A146P,  KEAP1 D389Y,  NFE2L2 S414N,  EGFR V843L,  KRAS G13D,  TP53 E339*,  KEAP1 G364C,  TP53 R175H,  KEAP1 D236H,  KEAP1 R415C,  TP53 R49C,  PTPN13 P940P,  KEAP1 G419W,  KEAP1 F246L,  NFE2L2 Q26L,  BRAF L597V,  TP53 E163E,  KEAP1 C196F,  NFE2L2 W24R,  RAD21 L192V,  MAP2K2 F338Y,  TP53 Q12*,  MAP2K1 G128V,  KRAS Q61H,  STK11 Q315Q,  STK11 V425V,  SMARCA4 R521W,  TP53 V31V,  SMARCA4 Q82E,  KEAP1 R234P,  TP53 P153fs*28,  KEAP1 V155A,  MAP2K2 G14C,  KEAP1 R483H,  SMARCA4 R973L,  SMARCA4 F1052L,  STK11 C167R,  TP53 A7V,  EGFR P589L,  TP53 V175L, RAD21 A570S,  TP53 L62F,  NOTCH1 C438Y,  RAD21 P510T,  TP53 G245D,  TP53 V182V,  TP53 Y107*,  KEAP1 R320P,  MAP2K1 M146I,  SMARCA4 A1448V,  EGFR I1093M,  KEAP1 R272H,  NFE2L2 L476L,  KEAP1 E205*, NFE2L2 R258G,  SMARCA4 A948V,  SMARCA4 E1023Q,  TP53 T125P,  BRAF A762E,  SMARCA4 L1161fs*3,  STK11 A301A, RAD21 A410A, DROSHA E1275*,  MAP2K1 P15S,  SMARCA4 G1162C,  KEAP1 M110I,  ERBB2 Q943*,  NFE2L2 P477S,  ERBB4 A662S,  KEAP1 E117K,  SMARCA4 T1129S,  TP53 G154fs*16,  MAP2K1 A76S,  KRAS G12F,  NFE2L2 H416Y,  NFE2L2 E82D, STK11 R106R,  TP53 I162F,  TP53 R119R, STK11 D613H,  MAP2K1 G75G,  DROSHA G851V,  TP53 S281C,  TP53 R282R,  KDR T279T,  SMARCA4 A509S,  MAP2K1 C121S,  SMARCA4 E1496*,  KEAP1 D479G,  KEAP1 A331A,  KRAS A146V,  TP53 A289T,  DDR2 G579W,  NFE2L2 D38H,  NFE2L2 D77H, ",952,198,10
LT_S45,TH218,EGFR,L858R,,0,0,0
LT_S63,TH171,ALK,fusion,"TP53 P105P, NOTCH1 T1996M, SMARCA4 R521W,  MAP2K1 R108Q, RAD21 A410A, ALK L363L, MAP2K2 Q126Q, SMARCA4 P153fs*150, NFE2L2 K506N,  EGFR R1100S, MAP2K2 R297R, KEAP1 I185N, TP53 R123W,  NFE2L2 G81S,  EGFR Q1020H, TP63 T144T, NFE2L2 N513I, TP53 P180P, NFE2L2 V417L,  EGFR R831H, DROSHA P1292L, SMARCA4 G1031V,  NFE2L2 H416Y, TP53 R175H, TP53 C44Y, KEAP1 G527F, NFE2L2 G31R, RAD21 E98Q, KEAP1 R483C, KEAP1 R483H,  TP53 Y110C, STK11 K62*, KEAP1 R116W,  KEAP1 R272H, KRAS A146V, SMARCA4 H508H, TP53 R168K, MAP2K2 F338Y, TP63 R244L, KDR P263T, MAP2K2 D341N,  NOTCH1 D2091D,  NFE2L2 S414N, TP53 G56G,  SMARCA4 L6F,  MAP2K2 A265T, MAP2K1 F53L,  STK11 H514D, KEAP1 D422N, KEAP1 F139L, RB1 N186fs*6, NFE2L2 L266F, AKT1 R465C, KEAP1 W544C, RAD21 D95H, MAP2K2 R299M, KEAP1 Q75*,  NFE2L2 L143R, KEAP1 R234P, TP53 V175L, TP53 N20N, TP53 G146W,  ALK--EML4 fusion, KEAP1 G364D, PIK3CB R835W, KRAS G13C, KEAP1 Y375H, TP53 A276D, TP53 G154fs*16, KRAS G12A,  EGFR V1142V,  TP53 E258D, NFE2L2 R34G, HIF1A M250I, KEAP1 P318L,  STK11 D613H,  KRAS C118S,  TP53 E72*, RAD21 M254I, NFE2L2 S94*, KEAP1 G423V,  EGFR D1014N,  TP53 G245R, STK11 R106R, HIF1A A612T, NFE2L2 D77G, TP63 S184W, PTPN13 E283E, KEAP1 D235A, KRAS C185S, TP53 C149W, NFE2L2 S136F, TP53 L348F,  RAD21 K596E, KEAP1 R460S,  KEAP1 V167F, TP53 G304G, TP53 F155V, NFE2L2 D29H, ALK A1251D, KEAP1 V123L,  SMARCA4 G1162C, MAP2K2 G303W, STK11 A241P, KEAP1 S73I, TP63 C339F,  RAD21 A570S, TP63 A227S, SMARCA4 Q383*, TP53 W271C,  EGFR G42D, TP53 Q12*, TP63 F156F, KEAP1 D479G, KEAP1 D389Y, TP53 L217L,  TP53 A159P, DDR2 R458H, MAP2K2 P109P, KEAP1 S592R, SMARCA4 E1612*,  KEAP1 V271M, KEAP1 G419W, ",720,0,3
LT_S75,TH266,ALK,fusion,"RB1 C278R, STK11 G58R,  TP53 E180K,  ALK--EML4 fusion, BAP1 A140V,  TP53 A7V, TP53 P105P, TP53 R119R, NOTCH1 A2019P, NFE2L2 P477S, TP53 R26L, KEAP1 R320P, KEAP1 Q46*, KDR A111S, MAP2K2 R297R,  TP63 A227S, KEAP1 K323fs*5, KDR R347H, SMARCA4 P153fs*150, DDR2 G774G, KEAP1 T142M, MAP2K2 A117V, KRAS Q61K,  STK11 C167R, ",1,0,2
LT_S34,TH205,EGFR,L858R,"DDR2 G253S, RB1 A525A, KEAP1 P322L, KEAP1 R272H, SMARCA4 R521W, KRAS A146V, KEAP1 R483H,  EGFR V769L,  TP53 P105P,  TP53 R282W, RAD21 A570S, KEAP1 D389Y, TP53 M246V, KEAP1 G364D,  EGFR L858R, KEAP1 W252C, PTPRT Q409Q, NOTCH1 I1718I,  SMARCA4 R381*, KDR S112*,  TP53 C242S, KEAP1 R116W, DDR2 R83H, RB1 Y155fs*1, NFE2L2 D77H, TP53 S182F, MAP2K2 P22S, BRAF G466E, SMARCA4 L6F, PTPN13 *2491*, MAP2K2 R297R, AKT1 L335L, KEAP1 V123L, TP53 G56G, KEAP1 T314fs*3, SMARCA4 A1448V, PTPN13 E283E, TP53 R175H, TP53 N20N, PTPN13 A892T, ",9,1,1
LT_S79,TH179,BRAF,V600E,"HIF1A K310N, SMARCA4 P153fs*150, HIF1A A640P, NFE2L2 S414N, TP53 G154fs*16, KEAP1 A191T, BRAF V600E, STK11 R106R, DDR2 R307L,  TP53 R337C, PTPRT T603K, KDR N143K, KDR Y354*, NFE2L2 L266F, KEAP1 R116W, KEAP1 G195V, TP53 D281E, TP53 L52P, SMARCA4 A509S, KEAP1 G423V, SMARCA4 A1448V, TP53 P47fs*76, MAP2K2 P22S, KRAS A146P, MAP2K2 I220I, PTPN13 E283E, KEAP1 R260L, STK11 V425V, ",60,3,3
LT_S53,TH067,EGFR,del19,"MAP2K2 F338Y,  TP53 F59F, SMARCA4 R521W, TP53 R123W, KEAP1 D389Y, KRAS G13V, KEAP1 Q75*, KDR A1050V, TP53 L157V, KDR E489G, TP53 V175L,  KDR T279T, DROSHA E1193*, KEAP1 M161I, MAP2K2 D341N, KEAP1 C171F, TP53 R213*, STK11 G58R, KEAP1 N397delN,  EGFR F856L, KEAP1 S592R, ",97,0,0
LT_S72,TH222,ROS1,fusion,"NFE2L2 V417L,  EGFR G719A, MAP2K2 P109P, NFE2L2 E82D, KEAP1 K323fs*5, KEAP1 Q75*, DDR2 T782I, MAP2K2 R297R,  KEAP1 W252C, TP53 G325*,  EGFR L747S, DDR2 S501S, TP53 P191fs*56, DDR2 G853G, SMARCA4 A509S, AKT1 E17K, SMARCA4 P153fs*150, SMARCA4 R521W, KEAP1 Q284*,  STK11 D613H, RB1 E440*,  EGFR R1100S, KEAP1 S224Y, NFE2L2 T80K, TP53 C3W,  TP53 R181P, DDR2 S830N,  RAD21 L451L, MAP2K2 D341N,  TP53 F187F, KEAP1 F139L, AKT1 L335L, KEAP1 W497*, KEAP1 V155F, KEAP1 D235A, KEAP1 T142M, TP53 G245D, NFE2L2 S414N, KEAP1 E117K, RAD21 A570S,  NOTCH1 G434fs*197,  KEAP1 R272H, KRAS A11A, DDR2 R83H, NFE2L2 K506N, MAP2K2 F338Y,  RB1 Q121*, KEAP1 P361L, TP53 G56G, RB1 R445*, KEAP1 G603W,  EGFR L1034I, DDR2 Y789N, TP53 G146W, MAP2K1 F53L, PTPRT A1266A, KEAP1 G423V, NOTCH1 V485V, AKT1 R465C, TP53 A7V, KEAP1 D422N, ",6,0,0
